種類,名前
チョコ,パイの実
チョコ,カントリーマウム
チョコ,しみチョココーン
チョコ,エリーゼ
チョコ,スニッカーズ
チョコ,コアラのマーチ
チョコ,キットカット
チョコ,アルフォート
チョコ,ブラックサンダー
チョコ,アポロ
チョコ,チロル
チョコ,カプリコ
チョコ,アルファベットチョコ
チョコ,リベラ
チョコ,アンパンマンペロペロチョコレート
チョコ,きのこの山
チョコ,たけのこの里
チョコ,チョコパイ
チョコ,アーモンドチョコ
チョコ,Pucca
チョコ,明治ミルクチョコレート
チョコ,明治ブラックチョコレート
チョコ,明治ストロベリーチョコレート
チョコ,チョコボール
チョコ,明治ホワイトチョコレート
チョコ,マカダミアチョコレート
チョコ,チョコベビー
チョコ,明治チョコレート効果カカオ95%
チョコ,Fran
チョコ,ポッキー（極細）
チョコ,いちごポッキー
チョコ,ポッキー
チョコ,カントリーマアムチョコまみれ
チョコ,マーブルチョコ
チョコ,Meltykiss
チョコ,明治ハイミルク
チョコ,ミニシルベーヌ
チョコ,galbo
クッキー・ビスケット,カントリーマウム
クッキー・ビスケット,森永チョコチップクッキー
クッキー・ビスケット,イトウ製菓チョコチップクッキー
クッキー・ビスケット,イトウ製菓バタークッキー
クッキー・ビスケット,源氏パイ
クッキー・ビスケット,ルマンド
クッキー・ビスケット,江崎グリコビスコ
クッキー・ビスケット,ブルボンガトーレーズン
クッキー・ビスケット,ロッテトッポ
クッキー・ビスケット,森永ムーンライト
クッキー・ビスケット,不二家ホームパイ
クッキー・ビスケット,ロータスカラメルビスケット
クッキー・ビスケット,森永パックンチョ
クッキー・ビスケット,ビスコ
クッキー・ビスケット,森永製菓マリー
クッキー・ビスケット,森永製菓チョイス
クッキー・ビスケット,ヤマザキビスケットルヴァン
クッキー・ビスケット,ギンビスたべっこ動物バター味
クッキー・ビスケット,ヤマザキビスケットノアール
クッキー・ビスケット,ヤマザキビスケットレモンパック
クッキー・ビスケット,ブルボンセブーレ
クッキー・ビスケット,ココナッツサブレ
クッキー・ビスケット,ブルボンプチチョコチップ
クッキー・ビスケット,ブルボンホワイトチョコラングドシャ
クッキー・ビスケット,ハーベスト香ばしセサミ
クッキー・ビスケット,ハーベストバタートースト
ラムネ,クッピーラムネ
ラムネ,森永製菓ラムネ
ラムネ,森永大粒ラムネ
ラムネ,ロッテキシリトールラムネ
ラムネ,フエラムネ
ラムネ,ジューC
ラムネ,ヨーグレット
ラムネ,ハイレモン
ラムネ,カンロピュレグミ
グミ,コロロ
グミ,ハリボー
グミ,男梅グミ
グミ,カンデミーナ
グミ,コグミ
グミ,ピュアラルグミ
グミ,果汁グミ
グミ,Colaup
グミ,Poifull
グミ,ラムネアップ
ラムネ,ミンティア
飴,ミルキー
飴,ハイチュウ
飴,パインアメ
飴,かむかむレモン
飴,いちごみるく
飴,三ツ矢サイダーキャンディ
飴,金のミルク
飴,不二家ポップキャンディ
飴,キシリクリスタル
飴,果実のど飴
飴,ミルクキャラメル
飴,GREENDA-KA-RA
飴,chupachups
飴,ガブリチュウ
スナック,江崎グリコプリッツ
スナック,サッポロポテトバーべQあじ
スナック,ポリンキー
スナック,Aerial
スナック,ベビースターラーメン
スナック,湖池屋ピュアポテト
スナック,味覚糖おさつどきっ
スナック,chipstarバターしょうゆ味
スナック,chipstarうすしお味
スナック,chipstarのり塩味
スナック,chipstarコンソメ味
スナック,じゃがりこチーズ
スナック,じゃがりこサラダ
スナック,じゃがりこじゃがバター
スナック,かっぱえびせん
スナック,とんがりコーンあっさり塩
スナック,RITZ
スナック,ピザポテト
スナック,スコーン
スナック,コーンポタージュ
スナック,とんがりコーン焼きトウモロコシ
スナック,堅あげポテト
スナック,PRINGLES
スナック,カール
スナック,ポテトチップスうすしお味
スナック,ポテトチップスコンソメパンチ
スナック,ポテトチップスのりしお
スナック,ポテコ
スナック,ハッピーターン
スナック,うまい棒
スナック,キャラメルコーン
スナック,じゃがポックル
スナック,ポテロング
おつまみ,GRATZ
おつまみ,おやつカルパス
おつまみ,ピザポテト
おつまみ,柿の種
おつまみ,じゃがりこ
おつまみ,堅あげポテト
おつまみ,Aerial
おつまみ,ベビースターラーメン
おつまみ,つまみ種
おつまみ,カレーせん
おつまみ,Doritos
おつまみ,じゃがポックル
ナッツ類,スパイスミックスナッツ
ナッツ類,セブンプレミアムミクスナッツ
ナッツ類,セブンプレミアムこだわりのバタピー
ゼリー,inゼリー
ゼリー,こんにゃくゼリー
ゼリー,ブルボン食後のデザートミックス
ゼリー,ララクラッシュ
プリン,プリン
ヨーグルト,明治ブルガリアヨーグルト
ヨーグルト,牧場の朝ヨーグルト生乳仕立て
ヨーグルト,ビヒダス
ヨーグルト,BIO
